"127";"BC";"Boston College";"Eagles";"#660000";"#ffffff";"0";NULL;NULL;"BostonCollege.gif";"ACC";"Atlantic";"bc";"ACTIVE"
"11";"CU";"Clemson";"Tigers";"#FF6600";"#660066";"0";NULL;NULL;"Clemson.gif";"ACC";"Atlantic";"clem";"ACTIVE"
"174";"DUKE";"Duke";"Blue Devils";"#4A5D97";"#4A5D97";"0";NULL;NULL;"Duke.gif";"ACC";"Coastal";"duke";"ACTIVE"
"76";"FSU";"Florida State";"Seminoles";"#660000";"#CFC9A4";"0";NULL;NULL;"FloridaState.gif";"ACC";"Atlantic";"fsu";"ACTIVE"
"1";"GT";"Georgia Tech";"Yellow Jackets";"#CFB53B";"#FFFFFF";"0";NULL;NULL;"GeorgiaTech.png";"ACC";"Coastal";"geot";"ACTIVE"
"144";"MD";"Maryland";"Terrapins";"#CC0000";"#FFFF00";"0";NULL;NULL;"Maryland.gif";"ACC";"Atlantic";"md";"ACTIVE"
"2414";"MIA";"Miami (FL)";"Hurricanes";"#CC3300";"#003300";"0";NULL;NULL;"MiamiFL.gif";"ACC";"Coastal";"mifl";"ACTIVE"
"12";"UNC";"North Carolina";"Tar Heels";"#99B1DA";"#10214A";"0";NULL;NULL;"NorthCarolina.gif";"ACC";"Coastal";"unc";"ACTIVE"
"164";"NCST";"North Carolina State";"Wolfpack";"#CC0000";"#000000";"0";NULL;NULL;"NorthCarolinaState.gif";"ACC";"Atlantic";"ncst";"ACTIVE"
"270";"UVA";"Virginia";"Cavaliers";"#000066";"#D63401";"0";NULL;NULL;"Virginia.gif";"ACC";"Coastal";"va";"ACTIVE"
"13";"VT";"Virginia Tech";"Hokies";"#8B0E30";"#F77318";"0";NULL;NULL;"VirginiaTech.gif";"ACC";"Coastal";"vtec";"ACTIVE"
"14";"WF";"Wake Forest";"Demon Deacons";"#D4D4B8";"#000000";"0";NULL;NULL;"WakeForest.gif";"ACC";"Atlantic";"wake";"ACTIVE"
"251";"BAY";"Baylor";"Bears";"#006600";"#663300";"0";NULL;NULL;"Baylor.gif";"Big 12";;"bay";"ACTIVE"
"50";"COLO";"Colorado";"Buffaloes";"#F3C727";"#78703C";"0";NULL;NULL;"Colorado.gif";"Big 12";;"colo";"ACTIVE"
"78";"IAST";"Iowa State";"Cyclones";"#CC0000";"#FFCC33";"0";NULL;NULL;"IowaState.gif";"Big 12";;"iast";"ACTIVE"
"253";"KAN";"Kansas";"Jayhawks";"#000066";"#9F0004";"0";NULL;NULL;"Kansas.gif";"Big 12";;"kan";"ACTIVE"
"255";"KSU";"Kansas State";"Wildcats";"#66468D";"#330066";"0";NULL;NULL;"KansasState.gif";"Big 12";;"ksu";"ACTIVE"
"154";"MIZZ";"Missouri";"Tigers";"#C69408";"#000000";"0";NULL;NULL;"Missouri.gif";"Big 12";;"miss";"ACTIVE"
"170";"NEB";"Nebraska";"Cornhuskers";"#AE1F23";"#E4CF96";"0";NULL;NULL;"Nebraska.gif";"Big 12";;"neb";"ACTIVE"
"213";"OKLA";"Oklahoma";"Sooners";"#990000";"#830505";"0";NULL;NULL;"Oklahoma.gif";"Big 12";;"okla";"ACTIVE"
"209";"OKST";"Oklahoma State";"Cowboys";"#FF6600";"#000066";"0";NULL;NULL;"OklahomaState.gif";"Big 12";;"okst";"ACTIVE"
"18";"TEX";"Texas";"Longhorns";"#CC6600";"#AF5800";"0";NULL;NULL;"Texas.gif";"Big 12";;"tex";"ACTIVE"
"257";"TAM";"Texas A&M";"Aggies";"#600000";"#B9B9B9";"0";NULL;NULL;"TexasA&M.gif";"Big 12";;"tam";"ACTIVE"
"252";"TT";"Texas Tech";"Red Raiders";"#AF030B";"#000000";"0";NULL;NULL;"TexasTech.gif";"Big 12";;"text";"ACTIVE"
"2144";"CINN";"Cincinnati";"Bearcats";"#9F0705";"#B0B0B0";"0";NULL;NULL;"Cincinnati.gif";"Big East";;"cinn";"ACTIVE"
"53";"CONN";"Connecticut";"Huskies";"#002157";"#858583";"0";NULL;NULL;"Connecticut.gif";"Big East";;"conn";"ACTIVE"
"109";"LOU";"Louisville";"Cardinals";"#AF0301";"#960000";"0";NULL;NULL;"Louisville.gif";"Big East";;"lou";"ACTIVE"
"233";"PITT";"Pittsburgh";"Panthers";"#002040";"#C7AE69";"0";NULL;NULL;"Pittsburgh.gif";"Big East";;"pitt";"ACTIVE"
"176";"RUTU";"Rutgers";"Scarlet Knights";"#CC0000";"#990000";"0";NULL;NULL;"Rutgers.gif";"Big East";;"rutu";"ACTIVE"
"70";"USF";"South Florida";"Bulls";"#004A30";"#F7DF3D";"0";NULL;NULL;"SouthFlorida.gif";"Big East";;"sfla";"ACTIVE"
"195";"SYR";"Syracuse";"Orange";"#D74D10";"#812E09";"0";NULL;NULL;"Syracuse.gif";"Big East";;"syr";"ACTIVE"
"289";"WVA";"West Virginia";"Mountaineers";"#2C1969";"#E9B200";"0";NULL;NULL;"WestVirginia.gif";"Big East";;"wvir";"ACTIVE"
"368";"ILL";"Illinois";"Fighting Illini";"#FF6400";"#333366";"0";NULL;NULL;"Illinois.gif";"Big Ten";;"ill";"ACTIVE"
"96";"IND";"Indiana";"Hoosiers";"#841800";"#5A0800";"0";NULL;NULL;"Indiana.gif";"Big Ten";;"ind";"ACTIVE"
"16";"IOWA";"Iowa";"Hawkeyes";"#FFD90F";"#000000";"0";NULL;NULL;"Iowa.gif";"Big Ten";;"iowa";"ACTIVE"
"142";"MICH";"Michigan";"Wolverines";"#010167";"#FFCC00";"0";NULL;NULL;"Michigan.gif";"Big Ten";;"mich";"ACTIVE"
"139";"MSU";"Michigan State";"Spartans";"#006600";"#003300";"0";NULL;NULL;"MichiganState.gif";"Big Ten";;"msu";"ACTIVE"
"147";"MINN";"Minnesota";"Golden Gophers";"#9B0014";"#FFCD00";"0";NULL;NULL;"Minnesota.gif";"Big Ten";;"minn";"ACTIVE"
"89";"NW";"Northwestern";"Wildcats";"#660066";"#000000";"0";NULL;NULL;"Northwestern.gif";"Big Ten";;"nw";"ACTIVE"
"206";"OSU";"Ohio State";"Buckeyes";"#CC0000";"#CECCCC";"0";NULL;NULL;"OhioState.gif";"Big Ten";;"osu";"ACTIVE"
"225";"PSU";"Penn State";"Nittany Lions";"#13214E";"#35457C";"0";NULL;NULL;"PennState.gif";"Big Ten";;"psu";"ACTIVE"
"2521";"PUR";"Purdue";"Boilermakers";"#B39831";"#000000";"0";NULL;NULL;"Purdue.gif";"Big Ten";;"pur";"ACTIVE"
"287";"WIS";"Wisconsin";"Badgers";"#B40000";"#ffffff";"0";NULL;NULL;"Wisconsin.gif";"Big Ten";;"wis";"ACTIVE"
"163";"ECU";"East Carolina";"Pirates";"#6E1F98";"#FDEF28";"0";NULL;NULL;"EastCarolina.gif";"Conference USA";;"ecu";"ACTIVE"
"260";"HOU";"Houston";"Cougars";"#C60000";"#E8B896";"0";NULL;NULL;"Houston.gif";"Conference USA";;"hou";"ACTIVE"
"288";"MARS";"Marshall";"Thundering Herd";"#01542C";"#000000";"0";NULL;NULL;"Marshall.gif";"Conference USA";;"mars";"ACTIVE"
"247";"MEM";"Memphis";"Tigers";"#000099";"#F4A41E";"0";NULL;NULL;"Memphis.gif";"Conference USA";;"mem";"ACTIVE"
"254";"RICE";"Rice";"Owls";"#000063";"#ADADAD";"0";NULL;NULL;"Rice.gif";"Conference USA";;"rice";"ACTIVE"
"2579";"SMU";"Southern Methodist";"Mustangs";"#CE0000";"#030332";"0";NULL;NULL;"SouthernMethodist.gif";"Conference USA";;"smu";"ACTIVE"
"2584";"SMIS";"Southern Miss";"Golden Eagles";"#CE0000";"#030332";"0";NULL;NULL;"SouthernMiss.gif";"Conference USA";;"smis";"ACTIVE"
"2667";"TUL";"Tulane";"Green Wave";"#006633";"#0098CB";"0";NULL;NULL;"Tulane.gif";"Conference USA";;"tul";"ACTIVE"
"214";"TULS";"Tulsa";"Golden Hurricane";"#003366";"#FFCB00";"0";NULL;NULL;"Tulsa.gif";"Conference USA";;"tuls";"ACTIVE"
"5";"UAB";"UAB";"Blazers";"#006B42";"#EA9F13";"0";NULL;NULL;"UAB.gif";"Conference USA";;"albr";"ACTIVE"
"2128";"UCF";"UCF";"Knights";"#006B42";"#EA9F13";"0";NULL;NULL;"UCF.gif";"Conference USA";;"ucf";"ACTIVE"
"2650";"UTEP";"UTEP";"Miners";"#14214F";"#EE8031";"0";NULL;NULL;"UTEP.gif";"Conference USA";;"utep";"ACTIVE"
"361";"ARMY";"Army";"Black Knights";"#D4B77C";"#000000";"0";NULL;NULL;"Army.gif";"IA Independents";;"army";"ACTIVE"
"2438";"NAVY";"Navy";"Midshipmen";"#00092D";"#FFD911";"0";NULL;NULL;"Navy.gif";"IA Independents";;"navy";"ACTIVE"
"99";"ND";"Notre Dame";"Fighting Irish";"#000066";"#D6C895";"0";NULL;NULL;"NotreDame.gif";"IA Independents";;"nd";"ACTIVE"
"2018";"AKOH";"Akron";"Zips";"#003366";"#CCCC99";"0";NULL;NULL;"Akron.gif";"Mid-American";;"akoh";"ACTIVE"
"2062";"BALL";"Ball State";"Cardinals";"#9A0000";"#AAAAAA";"0";NULL;NULL;"BallState.gif";"Mid-American";;"ball";"ACTIVE"
"201";"BGU";"Bowling Green";"Falcons";"#FF6600";"#663300";"0";NULL;NULL;"BowlingGreen.gif";"Mid-American";;"bgu";"ACTIVE"
"2096";"BUFF";"Buffalo";"Bulls";"#00426B";"#A5D6FF";"0";NULL;NULL;"Buffalo.gif";"Mid-American";;"buff";"ACTIVE"
"2129";"CMU";"Central Michigan";"Chippewas";"#660000";"#FFCC00";"0";NULL;NULL;"CentralMichigan.gif";"Mid-American";;"cmu";"ACTIVE"
"2211";"EMU";"Eastern Michigan";"Eagles";"#004A18";"#000000";"0";NULL;NULL;"EasternMichigan.gif";"Mid-American";;"emu";"ACTIVE"
"258";"KENT";"Kent State";"Golden Flashes";"#081C59";"#EFB001";"0";NULL;NULL;"KentState.gif";"Mid-American";;"kent";"ACTIVE"
"205";"MIOH";"Miami (OH)";"RedHawks";"#b90000";"#01542C";"0";NULL;NULL;"MiamiOH.gif";"Mid-American";;"mioh";"ACTIVE"
"2471";"NIU";"Northern Illinois";"Huskies";"#01542C";"#01542C";"0";NULL;NULL;"NorthernIllinois.gif";"Mid-American";;"niu";"ACTIVE"
"207";"OHIO";"Ohio";"Bobcats";"#3C6747";"#3C6747";"0";NULL;NULL;"Ohio.gif";"Mid-American";;"ohio";"ACTIVE"
"230";"TEM";"Temple";"Owls";"#D3001F";"#CEC9CF";"0";NULL;NULL;"Temple.gif";"Mid-American";;"tem";"ACTIVE"
"2661";"TOL";"Toledo";"Rockets";"#00009C";"#FFCC33";"0";NULL;NULL;"Toledo.gif";"Mid-American";;"tol";"ACTIVE"
"2723";"WMU";"Western Michigan";"Broncos";"#C4A769";"#643918";"0";NULL;NULL;"WesternMichigan.gif";"Mid-American";;"wmu";"ACTIVE"
"2017";"AFA";"Air Force";"Falcons";"#0000CC";"#C1C2C0";"0";NULL;NULL;"AirForce.gif";"Mountain West";;"afa";"ACTIVE"
"264";"BYU";"Brigham Young";"Cougars";"#022652";"#ffffff";"0";NULL;NULL;"BrighamYoung.gif";"Mountain West";;"byu";"ACTIVE"
"48";"CSU";"Colorado State";"Rams";"#006633";"#D0C561";"0";NULL;NULL;"ColoradoState.gif";"Mountain West";;"csu";"ACTIVE"
"179";"NM";"New Mexico";"Lobos";"#CC3333";"#CECECE";"0";NULL;NULL;"NewMexico.gif";"Mountain West";;"nm";"ACTIVE"
"45";"SDSU";"San Diego State";"Aztecs";"#B41818";"#000000";"0";NULL;NULL;"SanDiegoState.gif";"Mountain West";;"sdsu";"ACTIVE"
"2640";"TCU";"TCU";"Horned Frogs";"#B41818";"#000000";"0";NULL;NULL;"TCU.gif";"Mountain West";;"tcu";"ACTIVE"
"2451";"UNLV";"UNLV";"Rebels";"#CC0000";"#660000";"0";NULL;NULL;"UNLV.gif";"Mountain West";;"unlv";"ACTIVE"
"266";"UTAH";"Utah";"Utes";"#CC0000";"#000000";"0";NULL;NULL;"Utah.gif";"Mountain West";;"utah";"ACTIVE"
"2763";"WYO";"Wyoming";"Cowboys";"#3C271F";"#A0965A";"0";NULL;NULL;"Wyoming.gif";"Mountain West";;"wyo";"ACTIVE"
"46";"ARIZ";"Arizona";"Wildcats";"#002868";"#C41E3A";"0";NULL;NULL;"Arizona.gif";"Pacific-10";;"ariz";"ACTIVE"
"9";"ASU";"Arizona State";"Sun Devils";"#82022C";"#FEC900";"0";NULL;NULL;"ArizonaState.gif";"Pacific-10";;"asu";"ACTIVE"
"37";"CAL";"California";"Golden Bears";"#0A1F62";"#FFCC00";"0";NULL;NULL;"California.gif";"Pacific-10";;"cal";"ACTIVE"
"2495";"ORE";"Oregon";"Ducks";"#003300";"#003300";"0";NULL;NULL;"Oregon.gif";"Pacific-10";;"ore";"ACTIVE"
"216";"ORST";"Oregon State";"Beavers";"#FF6600";"#FF6600";"0";NULL;NULL;"OregonState.gif";"Pacific-10";;"orst";"ACTIVE"
"36";"STAN";"Stanford";"Cardinal";"#7F001A";"#00731B";"0";NULL;NULL;"Stanford.gif";"Pacific-10";;"stan";"ACTIVE"
"38";"UCLA";"UCLA";"Bruins";"#003399";"#F1CA02";"0";NULL;NULL;"UCLA.gif";"Pacific-10";;"ucla";"ACTIVE"
"42";"USC";"USC";"Trojans";"#990000";"#990000";"0";NULL;NULL;"USC.gif";"Pacific-10";;"usc";"ACTIVE"
"276";"WASH";"Washington";"Huskies";"#330066";"#8C71A7";"0";NULL;NULL;"Washington.gif";"Pacific-10";;"wash";"ACTIVE"
"277";"WAST";"Washington State";"Cougars";"#990000";"#000000";"0";NULL;NULL;"WashingtonState.gif";"Pacific-10";;"wast";"ACTIVE"
"17";"ALAB";"Alabama";"Crimson Tide";"#990032";"#939698";"0";NULL;NULL;"Alabama.gif";"SEC";;"alab";"ACTIVE"
"8";"ARK";"Arkansas";"Razorbacks";"#990000";"#CCCC99";"0";NULL;NULL;"Arkansas.gif";"SEC";;"ark";"ACTIVE"
"2";"AUB";"Auburn";"Tigers";"#FE5919";"#17257E";"0";NULL;NULL;"Auburn.gif";"SEC";;"aub";"ACTIVE"
"69";"FLA";"Florida";"Gators";"#003399";"#FF3300";"0";NULL;NULL;"Florida.gif";"SEC";;"fla";"ACTIVE"
"15";"UGA";"Georgia";"Bulldogs";"#DE0018";"#000000";"0";NULL;NULL;"Georgia.gif";"SEC";;"geo";"ACTIVE"
"108";"KTY";"Kentucky";"Wildcats";"#003399";"#B5B59F";"0";NULL;NULL;"Kentucky.gif";"SEC";;"kty";"ACTIVE"
"111";"LSU";"LSU";"Tigers";"#18004C";"#FF9F00";"0";NULL;NULL;"LSU.gif";"SEC";;"lsu";"ACTIVE"
"157";"MISS";"Mississippi";"Rebels";"#000063";"#CC0000";"0";NULL;NULL;"Mississippi.gif";"SEC";;"ole";"ACTIVE"
"356";"MSST";"Mississippi State";"Bulldogs";"#880029";"#880029";"0";NULL;NULL;"MississippiState.gif";"SEC";;"msst";"ACTIVE"
"20";"SCAR";"South Carolina";"Gamecocks";"#990033";"#000000";"0";NULL;NULL;"SouthCarolina.gif";"SEC";;"scar";"ACTIVE"
"2645";"TENN";"Tennessee";"Volunteers";"#EF9218";"#000000";"0";NULL;NULL;"Tennessee.gif";"SEC";;"tenn";"ACTIVE"
"250";"VAND";"Vanderbilt";"Commodores";"#B3A75F";"#000000";"0";NULL;NULL;"Vanderbilt.gif";"SEC";;"vand";"ACTIVE"
"2044";"ARU";"Arkansas State";"Red Wolves";"#B3A75F";"#000000";"0";NULL;NULL;"ArkansasState.gif";"Sun Belt";;"aru";"ACTIVE"
"2241";"FIU";"Florida International";"Golden Panthers";"#B3A75F";"#000000";"0";NULL;NULL;"FIU.gif";"Sun Belt";;"flin";"ACTIVE"
"2238";"FAU";"Florida Atlantic";"Owls";"#ffffff";"#ffffff";"0";NULL;NULL;"FloridaAtlantic.gif";"Sun Belt";;"fau";"ACTIVE"
"321";"ULAF";"Louisiana-Lafayette";"Ragin' Cajuns";"#BD283A";"#EF9C10";"0";NULL;NULL;"Louisiana-Lafayette.gif";"Sun Belt";;"ulaf";"ACTIVE"
"259";"ULM";"Louisiana-Monroe";"Warhawks";"#660033";"#CCCC99";"0";NULL;NULL;"Louisiana-Monroe.gif";"Sun Belt";;"ulm";"ACTIVE"
"256";"MTN";"Middle Tennessee";"Blue Raiders";"#660033";"#CCCC99";"0";NULL;NULL;"MiddleTennessee.gif";"Sun Belt";;"mtn";"ACTIVE"
"261";"NTEX";"North Texas";"Mean Green";"#660033";"#CCCC99";"0";NULL;NULL;"NorthTexas.gif";"Sun Belt";;"ntex";"ACTIVE"
"2665";"TROY";"Troy";"Trojans";"#AC0021";"#CCCCCC";"0";NULL;NULL;"Troy.gif";"Sun Belt";;"troy";"ACTIVE"
"110";"WKY";"Western Kentucky";"Hilltoppers";"#BC0102";"#ffffff";"0";NULL;NULL;"WesternKentucky.gif";"Sun Belt";;"wky";"ACTIVE"
"80";"BOSU";"Boise State";"Broncos";"#0E2B8D";"#FD5A1E";"0";NULL;NULL;"BoiseState.gif";"WAC";;"bosu";"ACTIVE"
"290";"FRES";"Fresno State";"Bulldogs";"#000099";"#E41A53";"0";NULL;NULL;"FresnoState.gif";"WAC";;"fres";"ACTIVE"
"74";"HAW";"Hawaii";"Warriors";"#004F3C";"#000000";"0";NULL;NULL;"Hawaii.gif";"WAC";;"haw";"ACTIVE"
"82";"IDHO";"Idaho";"Vandals";"#e9af10";"#ffffff";"0";NULL;NULL;"Idaho.gif";"WAC";;"idho";"ACTIVE"
"267";"LATC";"Louisiana Tech";"Bulldogs";"#000083";"#0069BF";"0";NULL;NULL;"LouisianaTech.gif";"WAC";;"latc";"ACTIVE"
"2452";"UNV";"Nevada";"Wolf Pack";"#003062";"#CCCCCC";"0";NULL;NULL;"Nevada.gif";"WAC";;"unv";"ACTIVE"
"178";"NMST";"New Mexico State";"Aggies";"#990000";"#848484";"0";NULL;NULL;"NewMexicoState.gif";"WAC";;"nmst";"ACTIVE"
"47";"SJSU";"San Jose State";"Spartans";"#6189C0";"#FFD70C";"0";NULL;NULL;"SanJoseState.gif";"WAC";;"sjsu";"ACTIVE"
"340";"UST";"Utah State";"Aggies";"#020667";"#CC6600";"0";NULL;NULL;"UtahState.gif";"WAC";;"ust";"ACTIVE"
"343";"EW";"Eastern Washington";"Eagles";NULL;NULL;"0";NULL;NULL;"EasternWashington.gif";"Big Sky";;NULL;"ACTIVE"
"316";"IS";"Idaho State";"Bengals";NULL;NULL;"0";NULL;NULL;"IdahoState.gif";"Big Sky";;"idsu";"ACTIVE"
"161";"MON";"Montana";"Grizzlies";NULL;NULL;"0";NULL;NULL;"Montana.gif";"Big Sky";;NULL;"ACTIVE"
"159";"MST";"Montana State";"Bobcats";NULL;NULL;"0";NULL;NULL;"MontanaState.gif";"Big Sky";;NULL;"ACTIVE"
"2476";"NAZ";"Northern Arizona";"Lumberjacks";NULL;NULL;"0";NULL;NULL;"NorthernArizona.gif";"Big Sky";;NULL;"ACTIVE"
"2470";"NCOL";"Northern Colorado";"Bears";NULL;NULL;"0";NULL;NULL;"NorthernColorado.gif";"Big Sky";;NULL;"ACTIVE"
"2514";"PST";"Portland State";"Vikings";NULL;NULL;"0";NULL;NULL;"PortlandState.gif";"Big Sky";;NULL;"ACTIVE"
"40";"SAST";"Sacramento State";"Hornets";NULL;NULL;"0";NULL;NULL;"SacramentoState.gif";"Big Sky";;NULL;"ACTIVE"
"2704";"WST";"Weber State";"Wildcats";NULL;NULL;"0";NULL;NULL;"WeberState.gif";"Big Sky";;NULL;"ACTIVE"
"2139";"CHSO";"Charleston Southern";"Buccaneers";NULL;NULL;"0";NULL;NULL;"CharlestonSouthern.gif";"Big South";;NULL;"ACTIVE"
"336";"CC";"Coastal Carolina";"Chanticleers";NULL;NULL;"0";NULL;NULL;"CoastalCarolina.gif";"Big South";;NULL;"ACTIVE"
"2253";"GW";"Gardner-Webb";"Runnin' Bulldogs";NULL;NULL;"0";NULL;NULL;"Gardner-Webb.gif";"Big South";;NULL;"ACTIVE"
"262";"LB";"Liberty";"Flames";NULL;NULL;"0";NULL;NULL;"Liberty.gif";"Big South";;NULL;"ACTIVE"
"2518";"PRES";"Presbyterian";"Blue Hose";NULL;NULL;"0";NULL;NULL;"Presbyterian.gif";"Big South";;NULL;"ACTIVE"
"2631";"STBR";"Stony Brook";"Seawolves";NULL;NULL;"0";NULL;NULL;"StonyBrook.gif";"Big South";;NULL;"ACTIVE"
"2690";"VAMI";"Virginia Military Institute";"Keydets";NULL;NULL;"0";NULL;NULL;"VirginiaMilitaryInstitute.gif";"Big South";;NULL;"ACTIVE"
"60";"DELA";"Delaware";"Fightin Blue Hens";NULL;NULL;"0";NULL;NULL;"Delaware.gif";"CAA";;NULL;"ACTIVE"
"2287";"HOF";"Hofstra";"Pride";NULL;NULL;"0";NULL;NULL;"Hofstra.gif";"CAA";;NULL;"ACTIVE"
"268";"JM";"James Madison";"Dukes";NULL;NULL;"0";NULL;NULL;"JamesMadison.gif";"CAA";;NULL;"ACTIVE"
"323";"ME";"Maine";"Black Bears";NULL;NULL;"0";NULL;NULL;"Maine.gif";"CAA";;NULL;"ACTIVE"
"125";"MA";"Massachusetts";"Minutemen";NULL;NULL;"0";NULL;NULL;"Massachusetts.gif";"CAA";;NULL;"ACTIVE"
"172";"NH";"New Hampshire";"Wildcats";NULL;NULL;"0";NULL;NULL;"NewHampshire.gif";"CAA";;NULL;"ACTIVE"
"123";"NE";"Northeastern";"Huskies";NULL;NULL;"0";NULL;NULL;"Northeastern.gif";"CAA";;NULL;"ACTIVE"
"239";"RI";"Rhode Island";"Rams";NULL;NULL;"0";NULL;NULL;"RhodeIsland.gif";"CAA";;NULL;"ACTIVE"
"269";"RICH";"Richmond";"Spiders";NULL;NULL;"0";NULL;NULL;"Richmond.gif";"CAA";;NULL;"ACTIVE"
"131";"TOW";"Towson";"Tigers";NULL;NULL;"0";NULL;NULL;"Towson.gif";"CAA";;NULL;"ACTIVE"
"234";"VILL";"Villanova";"Wildcats";NULL;NULL;"0";NULL;NULL;"Villanova.gif";"CAA";;NULL;"ACTIVE"
"2741";"WM";"William & Mary";"Tribe";NULL;NULL;"0";NULL;NULL;"William&Mary.gif";"CAA";;NULL;"ACTIVE"
"39";"CAP";"Cal Poly";"Mustangs";NULL;NULL;"0";NULL;NULL;"CalPoly.gif";"Great West";;NULL;"ACTIVE"
"167";"NOD";"North Dakota";"Fighting Sioux";NULL;NULL;"0";NULL;NULL;"NorthDakota.gif";"Great West";;NULL;"ACTIVE"
"245";"SOD";"South Dakota";"Coyotes";NULL;NULL;"0";NULL;NULL;"SouthDakota.gif";"Great West";;NULL;"ACTIVE"
"265";"SOUT";"Southern Utah";"Thunderbirds";NULL;NULL;"0";NULL;NULL;"SouthernUtah.gif";"Great West";;NULL;"ACTIVE"
"314";"UCD";"UC Davis";"Aggies";NULL;NULL;"0";NULL;NULL;"UCDavis.gif";"Great West";;NULL;"ACTIVE"
"2440";"NCC";"North Carolina Central";"Eagles";NULL;NULL;"0";NULL;NULL;"NorthCarolinaCentral.gif";"IAA Independents";;NULL;"ACTIVE"
"307";"OLDD";"Old Dominion";"Monarchs";NULL;NULL;"0";NULL;NULL;"OldDominion.gif";"IAA Independents";;NULL;"ACTIVE"
"2554";"SST";"Savannah State";"Tigers";NULL;NULL;"0";NULL;NULL;"SavannahState.gif";"IAA Independents";;NULL;"ACTIVE"
"2748";"WSR";"Winston-Salem";"Rams";NULL;NULL;"0";NULL;NULL;"Winston-Salem.gif";"IAA Independents";;NULL;"ACTIVE"
"237";"BRO";"Brown";"Bears";NULL;NULL;"0";NULL;NULL;"Brown.gif";"Ivy";;NULL;"ACTIVE"
"183";"COL";"Columbia";"Lions";NULL;NULL;"0";NULL;NULL;"Columbia.gif";"Ivy";;NULL;"ACTIVE"
"184";"COR";"Cornell";"Big Red";NULL;NULL;"0";NULL;NULL;"Cornell.gif";"Ivy";;NULL;"ACTIVE"
"171";"DAR";"Dartmouth";"Big Green";NULL;NULL;"0";NULL;NULL;"Dartmouth.gif";"Ivy";;NULL;"ACTIVE"
"120";"HAR";"Harvard";"Crimson";NULL;NULL;"0";NULL;NULL;"Harvard.gif";"Ivy";;NULL;"ACTIVE"
"231";"PA";"Pennsylvania";"Quakers";NULL;NULL;"0";NULL;NULL;"Pennsylvania.gif";"Ivy";;NULL;"ACTIVE"
"175";"PRIN";"Princeton";"Tigers";NULL;NULL;"0";NULL;NULL;"Princeton.gif";"Ivy";;NULL;"ACTIVE"
"55";"YALE";"Yale";"Bulldogs";NULL;NULL;"0";NULL;NULL;"Yale.gif";"Ivy";;NULL;"ACTIVE"
"2077";"BETH";"Bethune-Cookman";"Wildcats";NULL;NULL;"0";NULL;NULL;"Bethune-Cookman.gif";"MEAC";;NULL;"ACTIVE"
"2181";"DEST";"Delaware State";"Hornets";NULL;NULL;"0";NULL;NULL;"DelawareState.gif";"MEAC";;NULL;"ACTIVE"
"62";"FAAM";"Florida A&M";"Rattlers";NULL;NULL;"0";NULL;NULL;"FloridaA&M.gif";"MEAC";;NULL;"ACTIVE"
"2273";"HAMP";"Hampton";"Pirates";NULL;NULL;"0";NULL;NULL;"Hampton.gif";"MEAC";;NULL;"ACTIVE"
"59";"HOW";"Howard";"Bison";NULL;NULL;"0";NULL;NULL;"Howard.gif";"MEAC";;NULL;"ACTIVE"
"2427";"MOST";"Morgan State";"Bears";NULL;NULL;"0";NULL;NULL;"MorganState.gif";"MEAC";;NULL;"ACTIVE"
"2462";"NOST";"Norfolk State";"Spartans";NULL;NULL;"0";NULL;NULL;"NorfolkState.gif";"MEAC";;NULL;"ACTIVE"
"2460";"NCAT";"North Carolina A&T";"Aggies";NULL;NULL;"0";NULL;NULL;"NorthCarolinaA&T.gif";"MEAC";;NULL;"ACTIVE"
"2581";"SCST";"South Carolina State";"Bulldogs";NULL;NULL;"0";NULL;NULL;"SouthCarolinaState.gif";"MEAC";;NULL;"ACTIVE"
"2299";"ILST";"Illinois State";"Redbirds";NULL;NULL;"0";NULL;NULL;"IllinoisState.gif";"Missouri Valley";;NULL;"ACTIVE"
"294";"INST";"Indiana State";"Sycamores";NULL;NULL;"0";NULL;NULL;"IndianaState.gif";"Missouri Valley";;NULL;"ACTIVE"
"2635";"MZST";"Missouri State";"Bears";NULL;NULL;"0";NULL;NULL;"MissouriState.gif";"Missouri Valley";;NULL;"ACTIVE"
"2461";"NDST";"North Dakota State";"Bison";NULL;NULL;"0";NULL;NULL;"NorthDakotaState.gif";"Missouri Valley";;NULL;"ACTIVE"
"2472";"NIA";"Northern Iowa";"Panthers";NULL;NULL;"0";NULL;NULL;"NorthernIowa.gif";"Missouri Valley";;NULL;"ACTIVE"
"2583";"SDST";"South Dakota State";"Jackrabbits";NULL;NULL;"0";NULL;NULL;"SouthDakotaState.gif";"Missouri Valley";;NULL;"ACTIVE"
"91";"SILL";"Southern Illinois";"Salukis";NULL;NULL;"0";NULL;NULL;"SouthernIllinois.gif";"Missouri Valley";;NULL;"ACTIVE"
"2722";"WILL";"Western Illinois";"Leathernecks";NULL;NULL;"0";NULL;NULL;"WesternIllinois.gif";"Missouri Valley";;NULL;"ACTIVE"
"2766";"YOST";"Youngstown State";"Penguins";NULL;NULL;"0";NULL;NULL;"YoungstownState.gif";"Missouri Valley";;NULL;"ACTIVE"
"411";"ALB";"Albany";"Great Danes";NULL;NULL;"0";NULL;NULL;"Albany.gif";"Northeast";;NULL;"ACTIVE"
"2815";"BRY";"Bryant University";"Bulldogs";NULL;NULL;"0";NULL;NULL;"BryantUniversity.gif";"Northeast";;NULL;"ACTIVE"
"2127";"CCST";"Central Connecticut State";"Blue Devils";NULL;NULL;"0";NULL;NULL;"CentralConnecticutState.gif";"Northeast";;NULL;"ACTIVE"
"2196";"DUQ";"Duquesne";"Dukes";NULL;NULL;"0";NULL;NULL;"Duquesne.gif";"Northeast";;NULL;"ACTIVE"
"2417";"MONM";"Monmouth";"Hawks";NULL;NULL;"0";NULL;NULL;"Monmouth.gif";"Northeast";;NULL;"ACTIVE"
"2535";"ROBM";"Robert Morris";"Colonials";NULL;NULL;"0";NULL;NULL;"RobertMorris.gif";"Northeast";;NULL;"ACTIVE"
"2541";"SACH";"Sacred Heart";"Pioneers";NULL;NULL;"0";NULL;NULL;"SacredHeart.gif";"Northeast";;NULL;"ACTIVE"
"2610";"STFR";"St. Francis (PA)";"Red Flash";NULL;NULL;"0";NULL;NULL;"St.FrancisPA.gif";"Northeast";;NULL;"ACTIVE"
"2693";"WAG";"Wagner";"Seahawks";NULL;NULL;"0";NULL;NULL;"Wagner.gif";"Northeast";;NULL;"ACTIVE"
"2058";"AUPE";"Austin Peay";"Governors";NULL;NULL;"0";NULL;NULL;"AustinPeay.gif";"Ohio Valley";;NULL;"ACTIVE"
"2209";"EILL";"Eastern Illinois";"Panthers";NULL;NULL;"0";NULL;NULL;"EasternIllinois.gif";"Ohio Valley";;NULL;"ACTIVE"
"2210";"EKY";"Eastern Kentucky";"Colonels";NULL;NULL;"0";NULL;NULL;"EasternKentucky.gif";"Ohio Valley";;NULL;"ACTIVE"
"10";"JSTU";"Jacksonville State";"Gamecocks";NULL;NULL;"0";NULL;NULL;"JacksonvilleState.gif";"Ohio Valley";;NULL;"ACTIVE"
"105";"MUST";"Murray State";"Racers";NULL;NULL;"0";NULL;NULL;"MurrayState.gif";"Ohio Valley";;NULL;"ACTIVE"
"2558";"SEMS";"Southeast Missouri State";"Redhawks";NULL;NULL;"0";NULL;NULL;"SoutheastMissouriState.gif";"Ohio Valley";;NULL;"ACTIVE"
"2646";"TNST";"Tennessee State";"Tigers";NULL;NULL;"0";NULL;NULL;"TennesseeState.gif";"Ohio Valley";;NULL;"ACTIVE"
"2647";"TNTH";"Tennessee Tech";"Golden Eagles";NULL;NULL;"0";NULL;NULL;"TennesseeTech.gif";"Ohio Valley";;NULL;"ACTIVE"
"2642";"TNM";"Tennessee-Martin";"Skyhawks";NULL;NULL;"0";NULL;NULL;"Tennessee-Martin.gif";"Ohio Valley";;NULL;"ACTIVE"
"2095";"BKN";"Bucknell";"Bison";NULL;NULL;"0";NULL;NULL;"Bucknell.gif";"Patriot League";;NULL;"ACTIVE"
"2154";"COLG";"Colgate";"Raiders";NULL;NULL;"0";NULL;NULL;"Colgate.gif";"Patriot League";;NULL;"ACTIVE"
"2242";"FORD";"Fordham";"Rams";NULL;NULL;"0";NULL;NULL;"Fordham.gif";"Patriot League";;NULL;"ACTIVE"
"58";"GEOR";"Georgetown";"Hoyas";NULL;NULL;"0";NULL;NULL;"Georgetown.gif";"Patriot League";;NULL;"ACTIVE"
"119";"HCR";"Holy Cross";"Crusaders";NULL;NULL;"0";NULL;NULL;"HolyCross.gif";"Patriot League";;NULL;"ACTIVE"
"334";"LAFA";"Lafayette";"Leopards";NULL;NULL;"0";NULL;NULL;"Lafayette.gif";"Patriot League";;NULL;"ACTIVE"
"263";"LEHI";"Lehigh";"Mountain Hawks";NULL;NULL;"0";NULL;NULL;"Lehigh.gif";"Patriot League";;NULL;"ACTIVE"
"2098";"BUTL";"Butler";"Bulldogs";NULL;NULL;"0";NULL;NULL;"Butler.gif";"Pioneer";;NULL;"ACTIVE"
"2109";"CAMP";"Campbell";"Fighting Camels";NULL;NULL;"0";NULL;NULL;"Campbell.gif";"Pioneer";;NULL;"ACTIVE"
"2178";"DAVI";"Davidson";"Wildcats";NULL;NULL;"0";NULL;NULL;"Davidson.gif";"Pioneer";;NULL;"ACTIVE"
"2180";"DAYT";"Dayton";"Flyers";NULL;NULL;"0";NULL;NULL;"Dayton.gif";"Pioneer";;NULL;"ACTIVE"
"2193";"DRK";"Drake";"Bulldogs";NULL;NULL;"0";NULL;NULL;"Drake.gif";"Pioneer";;NULL;"ACTIVE"
"306";"JACK";"Jacksonville";"Dolphins";NULL;NULL;"0";NULL;NULL;"Jacksonville.gif";"Pioneer";;NULL;"ACTIVE"
"271";"MARI";"Marist";"Red Foxes";NULL;NULL;"0";NULL;NULL;"Marist.gif";"Pioneer";;NULL;"ACTIVE"
"2425";"MRST";"Morehead State";"Eagles";NULL;NULL;"0";NULL;NULL;"MoreheadState.gif";"Pioneer";;NULL;"ACTIVE"
"313";"SAND";"San Diego";"Toreros";NULL;NULL;"0";NULL;NULL;"SanDiego.gif";"Pioneer";;NULL;"ACTIVE"
"2686";"VALP";"Valparaiso";"Crusaders";NULL;NULL;"0";NULL;NULL;"Valparaiso.gif";"Pioneer";;NULL;"ACTIVE"
"2038";"APST";"Appalachian State";"Mountaineers";NULL;NULL;"0";NULL;NULL;"AppalachianState.gif";"Southern";;NULL;"ACTIVE"
"248";"CHAT";"Chattanooga";"Mocs";NULL;NULL;"0";NULL;NULL;"Chattanooga.gif";"Southern";;NULL;"ACTIVE"
"2655";"CITA";"Citadel";"Bulldogs";NULL;NULL;"0";NULL;NULL;"Citadel.gif";"Southern";;NULL;"ACTIVE"
"2222";"ELON";"Elon";"Phoenix";NULL;NULL;"0";NULL;NULL;"Elon.gif";"Southern";;NULL;"ACTIVE"
"243";"FURM";"Furman";"Paladins";NULL;NULL;"0";NULL;NULL;"Furman.gif";"Southern";;NULL;"ACTIVE"
"302";"GASO";"Georgia Southern";"Eagles";NULL;NULL;"0";NULL;NULL;"GeorgiaSouthern.gif";"Southern";;NULL;"ACTIVE"
"2547";"SAMF";"Samford";"Bulldogs";NULL;NULL;"0";NULL;NULL;"Samford.gif";"Southern";;NULL;"ACTIVE"
"2729";"WCAR";"Western Carolina";"Catamounts";NULL;NULL;"0";NULL;NULL;"WesternCarolina.gif";"Southern";;NULL;"ACTIVE"
"2759";"WOFF";"Wofford";"Terriers";NULL;NULL;"0";NULL;NULL;"Wofford.gif";"Southern";;NULL;"ACTIVE"
"2122";"CARK";"Central Arkansas";"Bears";NULL;NULL;"0";NULL;NULL;"CentralArkansas.gif";"Southland";;NULL;"ACTIVE"
"2389";"MCNS";"McNeese State";"Cowboys";NULL;NULL;"0";NULL;NULL;"McNeeseState.gif";"Southland";;NULL;"ACTIVE"
"2459";"NICS";"Nicholls State";"Colonels";NULL;NULL;"0";NULL;NULL;"NichollsState.gif";"Southland";;NULL;"ACTIVE"
"2478";"NWST";"Northwestern State";"Demons";NULL;NULL;"0";NULL;NULL;"NorthwesternState.gif";"Southland";;NULL;"ACTIVE"
"2546";"SHST";"Sam Houston State";"Bearkats";NULL;NULL;"0";NULL;NULL;"SamHoustonState.gif";"Southland";;NULL;"ACTIVE"
"2557";"SELA";"Southeastern Louisiana";"Lions";NULL;NULL;"0";NULL;NULL;"SoutheasternLouisiana.gif";"Southland";;NULL;"ACTIVE"
"2629";"SFAN";"Stephen F. Austin";"Lumberjacks";NULL;NULL;"0";NULL;NULL;"StephenF.Austin.gif";"Southland";;NULL;"ACTIVE"
"338";"TST";"Texas State";"Bobcats";NULL;NULL;"0";NULL;NULL;"TexasState.gif";"Southland";;NULL;"ACTIVE"
"2022";"ALAM";"Alabama A&M";"Bulldogs";NULL;NULL;"0";NULL;NULL;"AlabamaA&M.gif";"SWAC";;NULL;"ACTIVE"
"2023";"ALST";"Alabama State";"Hornets";NULL;NULL;"0";NULL;NULL;"AlabamaState.gif";"SWAC";;NULL;"ACTIVE"
"2028";"ACST";"Alcorn State";"Braves";NULL;NULL;"0";NULL;NULL;"AlcornState.gif";"SWAC";;NULL;"ACTIVE"
"2041";"ARPB";"Arkansas-Pine Bluff";"Golden Lions";NULL;NULL;"0";NULL;NULL;"Arkansas-PineBluff.gif";"SWAC";;NULL;"ACTIVE"
"2767";"GRST";"Grambling State";"Tigers";NULL;NULL;"0";NULL;NULL;"GramblingState.gif";"SWAC";;NULL;"ACTIVE"
"2308";"JKST";"Jackson State";"Tigers";NULL;NULL;"0";NULL;NULL;"JacksonState.gif";"SWAC";;NULL;"ACTIVE"
"2412";"MSVS";"Mississippi Valley State";"Delta Devils";NULL;NULL;"0";NULL;NULL;"MississippiValleyState.gif";"SWAC";;NULL;"ACTIVE"
"2516";"PVAM";"Prairie View A&M";"Panthers";NULL;NULL;"0";NULL;NULL;"PrairieViewA&M.gif";"SWAC";;NULL;"ACTIVE"
"2594";"SOU";"Southern University";"Jaguars";NULL;NULL;"0";NULL;NULL;"SouthernUniversity.gif";"SWAC";;NULL;"ACTIVE"
"2652";"TXSO";"Texas Southern";"Tigers";NULL;NULL;"0";NULL;NULL;"TexasSouthern.gif";"SWAC";;NULL;"ACTIVE"
"9998";"GTW";"Georgia Tech White";NULL;"#FFFFFF";"#FFFFFF";"0";NULL;NULL;"GeorgiaTechwhite.gif";NULL;NULL;"geot";"ACTIVE"
"9999";"GTG";"Georgia Tech Gold";NULL;"#cfb53b";"#cfb53b";"0";NULL;NULL;"GeorgiaTech.gif";NULL;NULL;"geot";"ACTIVE"
"41";"MU";"Mercer University";"Mercer Bears";"#CB5307";"#000000";"0";NULL;NULL;"Mercer.gif";"Southern Conference";NULL;NULL;"ACTIVE"
"9997";"GTB";"Georgia Tech Blue";NULL;"#6b38ea";"#6b38ea";"0";NULL;NULL;"GeorgiaTech.gif";NULL;NULL;"geot";"ACTIVE"
